{"bdstfa": -211402.53699406024, "kri": -348.01441087410615, "bajuoe": -390813.24906725617, "mniuqi": -217733.331464804, "AZA": 172461.40537030593, "BDSTFA": 17182.3285767508}